,date,lat,lon,tree_id,diam_app,height_app,species,height_url,diam_url,parcel_id,TID,circ,diam,distance,angle,height_in,BasalArea,angle_rad,angle_deg,height_ft,height,method,site
0,2022-05-12 23:03:18.691000+00:00,37.384928867840209,-80.100385381540661,B19C9067-1ED9-4EF0-A10B-956A1248B27E,7.119278609752655,367.84307956695557,Black Walnut,https://firebasestorage.googleapis.com:443/v0/b/working-trees.appspot.com/o/trees%2FD68AC265-E3BC-4F2B-A84D-9AEB43C8BC70.png?alt=media&token=517aadbd-f772-4a1f-b635-f543c995d06b,https://firebasestorage.googleapis.com:443/v0/b/working-trees.appspot.com/o/trees%2F77139766-FD6F-4429-BD3C-9640A1E7DB10.png?alt=media&token=f83f8438-25d7-4d25-b7bf-a11841f8e210,BDB47999-95D1-4967-BDC4-6A4D43138D5F,A1,10.75,8.691451442248406,13.5,64.0,,,0.5693131911006619,32.61924307119283,14.015000000000002,427.1772000000001,manual_0,catawba
1,2022-05-12 23:04:46.039000+00:00,37.384884111755504,-80.100378204547866,07CF439E-1A1A-4567-AFB7-B8AD5AB25574,4.594769328832626,270.77019214630127,Black Walnut,https://firebasestorage.googleapis.com:443/v0/b/working-trees.appspot.com/o/trees%2F82DDCB72-1FD2-4DB0-AC42-F98966C73859.png?alt=media&token=9f300e4e-55d1-4337-a713-f979c374d70e,https://firebasestorage.googleapis.com:443/v0/b/working-trees.appspot.com/o/trees%2F28FF0D5D-4429-4B65-87CA-55980283DCCF.png?alt=media&token=72970fb4-6e30-434d-a9f1-4988402e3cd5,BDB47999-95D1-4967-BDC4-6A4D43138D5F,A2,7.25,5.861676554074506,8.0,43.0,,,0.40609805831761564,23.26770481005695,8.815,268.6812,manual_0,catawba
2,2022-05-12 23:06:50.887000+00:00,37.384882070397026,-80.100346492397847,682F1558-871E-419D-9070-6F789DC375B0,2.1356774494051933,127.1755576133728,Black Walnut,https://firebasestorage.googleapis.com:443/v0/b/working-trees.appspot.com/o/trees%2F2D191142-AFD5-4DB0-AD18-AB12A1595351.png?alt=media&token=cabb1313-c6d2-4352-a48f-f5edf63e5180,https://firebasestorage.googleapis.com:443/v0/b/working-trees.appspot.com/o/trees%2FDA9D5B78-61EE-43E2-92CD-6BF073543640.png?alt=media&token=4e8afe29-e4dd-4af2-9012-c62274f8c08b,BDB47999-95D1-4967-BDC4-6A4D43138D5F,A3,4.25,3.4361552213540203,,,53.0,,,,,134.62,manual_0,catawba
3,2022-05-12 23:09:02.046000+00:00,37.384682348964162,-80.10040255270907,6EFECC85-B84C-4A1F-9D4A-54219A8FB1A8,1.7602436244487765,198.1414556503296,Black Walnut,https://firebasestorage.googleapis.com:443/v0/b/working-trees.appspot.com/o/trees%2F0BCCF8FD-DCD7-4DC7-A048-3FB8C597053C.png?alt=media&token=65868927-cb51-409d-a282-6c8ee1514b47,https://firebasestorage.googleapis.com:443/v0/b/working-trees.appspot.com/o/trees%2F722B706C-6C5A-4E28-9BE9-C7A1AB727718.png?alt=media&token=ff4d79ea-7a84-4beb-825a-8c1dd2ee01ef,BDB47999-95D1-4967-BDC4-6A4D43138D5F,A4,3.0,2.4255213327204848,,,81.0,,,,,205.74,manual_0,catawba
4,2022-05-12 23:10:38.393000+00:00,37.3848461683055,-80.100321566897293,AD166740-8B22-4CEE-8860-F218EC71AA0A,2.7055302634835243,201.3449192047119,Black Walnut,https://firebasestorage.googleapis.com:443/v0/b/working-trees.appspot.com/o/trees%2FF8F1B4D2-7EF0-4005-952E-2F20C8DDC24A.png?alt=media&token=ab571ad4-ee35-4e23-8cd2-8cddd67c3649,https://firebasestorage.googleapis.com:443/v0/b/working-trees.appspot.com/o/trees%2FE2EE702A-3AA2-4B74-8AEB-F69138762AEB.png?alt=media&token=1a4aea96-f76d-4418-bd69-da6139f6a191,BDB47999-95D1-4967-BDC4-6A4D43138D5F,A5,2.75,2.223394554993778,4.0,21.0,,,0.206992194219821,11.859779120947978,6.215,189.4332,manual_0,catawba
5,2022-05-12 23:11:57.280000+00:00,37.384798815508731,-80.100309094488708,E2904A05-3E1F-480D-BFD7-C644E2DDF902,2.833467349410057,212.80004978179932,Black Walnut,https://firebasestorage.googleapis.com:443/v0/b/working-trees.appspot.com/o/trees%2F71F13D87-B800-4F04-BDE7-6F9FBA7CEE89.png?alt=media&token=83788ecb-da9a-452c-b745-4eb7756334c1,https://firebasestorage.googleapis.com:443/v0/b/working-trees.appspot.com/o/trees%2F536823B4-176B-4A1D-AD09-A7BC481A9998.png?alt=media&token=8414a2ed-3e2a-453f-b811-2a405ca0b3bb,BDB47999-95D1-4967-BDC4-6A4D43138D5F,A6,3.5,2.8297748881738993,5.0,25.0,,,0.24497866312686414,14.036243467926479,6.625,201.93,manual_0,catawba
6,2022-05-12 23:16:05.804000+00:00,37.384770526585527,-80.100299203842965,D1E8680F-0D92-45A7-8088-3FB2B816E88A,9.43354368209839,400.3645896911621,Black Walnut,https://firebasestorage.googleapis.com:443/v0/b/working-trees.appspot.com/o/trees%2FA77300BF-7804-48CA-8FCB-1211CC56CB6A.png?alt=media&token=f1bedc2a-6eec-464a-9145-8949fd27c8d5,https://firebasestorage.googleapis.com:443/v0/b/working-trees.appspot.com/o/trees%2F00E6466B-FA1A-44AD-943E-22550C55A396.png?alt=media&token=470c73ab-f738-4905-b1df-d9c1a04ce207,BDB47999-95D1-4967-BDC4-6A4D43138D5F,A7,13.5,10.914845997242182,13.0,62.0,,,0.5549957273385867,31.79891282429442,13.434999999999999,409.4987999999999,manual_0,catawba
7,2022-05-12 23:19:21.594000+00:00,37.384775764201429,-80.100270957538754,A8E61A37-7C33-4587-9951-72CEC44CB45F,6.270094960927963,375.1415967941284,Black Walnut,https://firebasestorage.googleapis.com:443/v0/b/working-trees.appspot.com/o/trees%2F189024EF-3BF2-4DC9-8B1E-9508848AC30D.png?alt=media&token=93756ce9-0771-49d7-ab6f-c111a94cfd4e,https://firebasestorage.googleapis.com:443/v0/b/working-trees.appspot.com/o/trees%2F8550A758-987B-4AEE-8A86-4E1F7662030A.png?alt=media&token=238aa82b-42f7-49c1-acb6-7b564b6c1308,BDB47999-95D1-4967-BDC4-6A4D43138D5F,A8,8.75,7.074437220434748,10.0,75.0,,,0.6435011087932844,36.86989764584402,12.875,392.43,manual_0,catawba
8,2022-05-12 23:20:39.964000+00:00,37.384722204913871,-80.10024765513846,831D642C-CE44-439A-89C1-DDB51A0C46E3,3.2112397253513336,225.69165229797363,Black Walnut,https://firebasestorage.googleapis.com:443/v0/b/working-trees.appspot.com/o/trees%2F808691DD-A52A-4B51-8C5F-2428EEE48A29.png?alt=media&token=512348a0-0818-41b8-af7a-70a4e2d0c588,https://firebasestorage.googleapis.com:443/v0/b/working-trees.appspot.com/o/trees%2FD05B8612-DEA5-4238-8558-0994019DB4B0.png?alt=media&token=940e60c8-5de4-4b21-9a4a-334fe087f9d5,BDB47999-95D1-4967-BDC4-6A4D43138D5F,A9,4.75,3.8404087768074344,7.0,21.0,,,0.206992194219821,11.859779120947978,6.845,208.6356,manual_0,catawba
9,2022-05-12 23:22:27.368000+00:00,37.384697310661458,-80.100257461965171,B6FD47A6-6814-41AB-B238-48620DC28793,1.2102884240448475,171.97771072387695,Black Walnut,https://firebasestorage.googleapis.com:443/v0/b/working-trees.appspot.com/o/trees%2F5748D3EB-2E27-4B03-862C-C0E55211EB7B.png?alt=media&token=a2d330be-fecd-472f-9c05-3e5e1b4dbafd,https://firebasestorage.googleapis.com:443/v0/b/working-trees.appspot.com/o/trees%2F9D61127D-3BE4-4D7B-B3AA-57A54ADF1D1B.png?alt=media&token=bf5b8c39-540a-4f07-b6c6-34ab20591144,BDB47999-95D1-4967-BDC4-6A4D43138D5F,A10,2.25,1.8191409995403638,,,69.5,,,,,176.53,manual_0,catawba
10,2022-05-12 23:24:49.631000+00:00,37.3846886773012,-80.100238937959162,B167BA40-3041-4C54-8D69-C75EF9BBEE69,4.349033907055855,237.98050880432132,Black Walnut,https://firebasestorage.googleapis.com:443/v0/b/working-trees.appspot.com/o/trees%2FFF6CE105-4F9D-45B3-BDF6-53AA6A0FB7DA.png?alt=media&token=de4ed3ba-2c11-4c03-8394-12bd08cbfe58,https://firebasestorage.googleapis.com:443/v0/b/working-trees.appspot.com/o/trees%2FD3E83592-D7BC-488D-9DA1-1C080C331FA9.png?alt=media&token=b15cd366-b0f7-4e2b-98f2-2e2c67503e0d,BDB47999-95D1-4967-BDC4-6A4D43138D5F,A11,4.75,3.8404087768074344,10.0,27.0,,,0.26371183446226615,15.109575122340466,8.075000000000001,246.126,manual_0,catawba
11,2022-05-12 23:26:15.001000+00:00,37.384653269414713,-80.100222596960961,4E60B5C9-2CC1-4EB3-A8E4-5EC0810D1A11,3.700331225991249,249.4328022003174,Black Walnut,https://firebasestorage.googleapis.com:443/v0/b/working-trees.appspot.com/o/trees%2F93A5C4BF-3A2C-4524-BF70-2B8D81487A76.png?alt=media&token=3331f88a-ed11-4376-a740-6e963b1f7ebb,https://firebasestorage.googleapis.com:443/v0/b/working-trees.appspot.com/o/trees%2F7F2FDF84-4B68-496B-A94A-3AE1D4E83855.png?alt=media&token=72c5eaa9-5e21-4239-874f-870e6ff6a84f,BDB47999-95D1-4967-BDC4-6A4D43138D5F,A12,5.75,4.648915887714263,10.0,35.0,,,0.3366748193867272,19.290046219188735,8.875,270.51,manual_0,catawba
12,2022-05-12 23:28:05.527000+00:00,37.384643917938121,-80.100307166650978,92526F73-D28B-4446-9A4C-E1D7185CF136,2.8985047712922096,250.91981887817383,Black Walnut,https://firebasestorage.googleapis.com:443/v0/b/working-trees.appspot.com/o/trees%2F95D66E32-3200-4109-817C-16C5AA9C89A8.png?alt=media&token=a9c4a80f-9e36-4c24-a707-71631d80a277,https://firebasestorage.googleapis.com:443/v0/b/working-trees.appspot.com/o/trees%2F1E43AC00-8B7D-4C46-AAA2-74543E09EDE3.png?alt=media&token=f15baa71-bfa3-4381-aae5-9681ab81c1f2,BDB47999-95D1-4967-BDC4-6A4D43138D5F,A13,4.5,3.6382819990807276,8.0,27.0,,,0.26371183446226615,15.109575122340466,7.535,229.6668,manual_0,catawba
13,2022-05-12 23:29:17.497000+00:00,37.384608881583,-80.100183952674357,856D3F1B-67CA-4ED9-8104-109A957F8791,2.08588857203722,210.85705757141116,Black Walnut,https://firebasestorage.googleapis.com:443/v0/b/working-trees.appspot.com/o/trees%2F4989CEF4-1FF7-4A18-ADEF-DCB67907D1AC.png?alt=media&token=992adb79-a2a5-45bf-92de-5ae3744d8ae2,https://firebasestorage.googleapis.com:443/v0/b/working-trees.appspot.com/o/trees%2F79816107-3354-4C46-91DB-24AE5CA8E5E0.png?alt=media&token=e8e02d49-1094-4f05-b5c0-7ef5b32f758e,BDB47999-95D1-4967-BDC4-6A4D43138D5F,A14,3.5,2.8297748881738993,,,86.0,,,,,218.44,manual_0,catawba
14,2022-05-12 23:31:20.404000+00:00,37.384612318163306,-80.100160064250318,ABE71C1B-F80E-4CE6-8543-2B8010F66384,4.050372540950775,274.77612495422363,Black Walnut,https://firebasestorage.googleapis.com:443/v0/b/working-trees.appspot.com/o/trees%2F7C29CF86-F054-4338-B6D8-F93C5C29842E.png?alt=media&token=3b7a05e3-0198-441a-8daf-6be29afb24e3,https://firebasestorage.googleapis.com:443/v0/b/working-trees.appspot.com/o/trees%2FBB947672-71A9-454B-AADC-E0396EA5E9B5.png?alt=media&token=0ac69db2-5441-4646-8ee3-fffe4da688d5,BDB47999-95D1-4967-BDC4-6A4D43138D5F,A15,5.5,4.446789109987556,9.0,29.0,,,0.2822574219814911,16.17215901578255,7.984999999999999,243.38279999999997,manual_0,catawba
15,2022-05-12 23:32:39.537000+00:00,37.384597775561296,-80.100159812793223,B314A6D4-9D4A-4408-B5E5-5336AA79736A,2.7328062802553177,162.7846598625183,Black Walnut,https://firebasestorage.googleapis.com:443/v0/b/working-trees.appspot.com/o/trees%2F812DE649-87F7-4BC5-A0E5-E4E4F14834E1.png?alt=media&token=94236173-0a63-4e0d-8a3b-50e577a0f4fd,https://firebasestorage.googleapis.com:443/v0/b/working-trees.appspot.com/o/trees%2F7E65B9CF-E971-450A-9DD9-D6112D72794A.png?alt=media&token=e18e6fda-bd17-4622-8290-5d171b7af6fd,BDB47999-95D1-4967-BDC4-6A4D43138D5F,A16,6.0,4.8510426654409695,,,72.0,,,,,182.88,manual_0,catawba
16,2022-05-12 23:33:51.081000+00:00,37.3845508369034,-80.100151598528115,3FCBB796-6490-40E4-BDE1-DF636B04588B,5.4500337690114975,287.4549388885498,Black Walnut,https://firebasestorage.googleapis.com:443/v0/b/working-trees.appspot.com/o/trees%2F116A1512-873A-4F4E-A7EC-255CD92023A3.png?alt=media&token=ec000cd8-8207-4435-a969-0560e1c58920,https://firebasestorage.googleapis.com:443/v0/b/working-trees.appspot.com/o/trees%2FCC09783C-3882-43DE-92FE-5D97E153EF64.png?alt=media&token=d4b9855b-eedc-470b-9fd6-fd538e913f8e,BDB47999-95D1-4967-BDC4-6A4D43138D5F,A17,9.5,7.680817553614869,9.0,36.0,,,0.34555558058171215,19.798876354524932,8.615,262.5852,manual_0,catawba
17,2022-05-12 23:34:50.126000+00:00,37.384507082788716,-80.100156641352783,8E4C8300-58C2-4EA9-835B-816AB007B16F,3.2111424952745438,180.08182048797607,Black Walnut,https://firebasestorage.googleapis.com:443/v0/b/working-trees.appspot.com/o/trees%2FC0A96E47-55B7-4BB8-BB1C-E3E581DD55D1.png?alt=media&token=bcc9a329-1ec5-4fe8-aec5-4c98ea2431de,https://firebasestorage.googleapis.com:443/v0/b/working-trees.appspot.com/o/trees%2F706BF341-3F18-4859-BCCB-9D5C6A7AF8BB.png?alt=media&token=4a852c2a-f2ad-4b43-82ff-b8a469727664,BDB47999-95D1-4967-BDC4-6A4D43138D5F,A18,5.75,4.648915887714263,,,73.0,,,,,185.42000000000002,manual_0,catawba
18,2022-05-12 23:37:32.485000+00:00,37.384632099454649,-80.100145312100736,6FF26FF0-D4CD-48CD-9917-272221DEB2EB,2.5751946493983273,189.53199386596683,Black Walnut,https://firebasestorage.googleapis.com:443/v0/b/working-trees.appspot.com/o/trees%2F1EBE7D1D-F489-445B-8059-12CF20C8C0B4.png?alt=media&token=c1ed4860-35b0-4b48-8a10-ab332299f119,https://firebasestorage.googleapis.com:443/v0/b/working-trees.appspot.com/o/trees%2FFD5E2BB4-AF71-419A-9E74-0B6F81DC14FC.png?alt=media&token=bdb63a3a-9c1a-48bc-9d68-ab2b4a660d9e,BDB47999-95D1-4967-BDC4-6A4D43138D5F,A19,4.75,3.8404087768074344,,,80.0,,,,,203.2,manual_0,catawba
19,2022-05-12 23:38:32.425000+00:00,37.384523260441966,-80.100116059258667,D21417CE-B110-4D06-8640-D53C9423C5B9,4.1391536593437195,273.46270084381104,Black Walnut,https://firebasestorage.googleapis.com:443/v0/b/working-trees.appspot.com/o/trees%2F9EF592E6-5682-43CA-AE89-96E9389E9E58.png?alt=media&token=c414c130-7028-4ce5-9a78-ea0c25eff34b,https://firebasestorage.googleapis.com:443/v0/b/working-trees.appspot.com/o/trees%2F6D5466ED-27E1-4C7B-BFBC-ADB2FE20622B.png?alt=media&token=2843beb0-2595-4ac9-8367-dfd89709717f,BDB47999-95D1-4967-BDC4-6A4D43138D5F,A20,8.25,6.670183664981334,8.0,34.0,,,0.3277385067805555,18.778033222445544,8.095,246.73560000000003,manual_0,catawba
20,2022-05-12 23:44:57.311000+00:00,37.384316478890725,-80.100097786709753,02C5E364-0271-45E8-8601-E0DDC2695463,4.360920563340187,438.1852149963379,Black Locust,https://firebasestorage.googleapis.com:443/v0/b/working-trees.appspot.com/o/trees%2F843975E7-3BD1-4870-845E-BC7A5653DD2C.png?alt=media&token=fa411cb0-02f4-4606-810c-d3553361ac85,https://firebasestorage.googleapis.com:443/v0/b/working-trees.appspot.com/o/trees%2F56388130-F109-4F12-893D-543919E7925C.png?alt=media&token=f948772f-7553-4f16-a6e5-8bd435249813,BDB47999-95D1-4967-BDC4-6A4D43138D5F,B1,7.5,6.063803331801213,13.0,67.0,,,0.590306746935372,33.82208521749396,14.085,429.31080000000003,manual_0,catawba
21,2022-05-12 23:45:58.217000+00:00,37.384315664649868,-80.100131118134129,DC1786EF-F5C4-4429-BCC6-4A7B52B63BBA,4.783668741583824,453.4927368164063,Black Locust,https://firebasestorage.googleapis.com:443/v0/b/working-trees.appspot.com/o/trees%2FA1AEBB01-90F3-4395-864B-50D396E206AF.png?alt=media&token=6855d148-f7cd-49e7-9963-c26bbd5eb54b,https://firebasestorage.googleapis.com:443/v0/b/working-trees.appspot.com/o/trees%2F329A2ECB-812A-411B-AD27-E9F5DD2AF451.png?alt=media&token=10858d1b-e2c3-4f9d-8642-73f06d6da957,BDB47999-95D1-4967-BDC4-6A4D43138D5F,B2,7.0,5.659549776347799,15.0,52.0,,,0.4795192919925962,27.474431626277134,13.175,401.57400000000007,manual_0,catawba
22,2022-05-12 23:47:24.639000+00:00,37.384271593799376,-80.100083537474362,9F99B0F9-4F87-46A9-813A-31D45B8E8FD1,7.754795998334885,312.25712299346924,Black Locust,https://firebasestorage.googleapis.com:443/v0/b/working-trees.appspot.com/o/trees%2FC55451BB-897C-4BE7-B5A1-C07228B1657D.png?alt=media&token=4b36774c-b8f1-43eb-b41c-e5beb8673116,https://firebasestorage.googleapis.com:443/v0/b/working-trees.appspot.com/o/trees%2F709FB2F9-8966-4BA9-B582-78F54F9B49AF.png?alt=media&token=78f070c9-6716-46a7-a672-70cb85b2d392,BDB47999-95D1-4967-BDC4-6A4D43138D5F,B3,11.5,9.297831775428525,12.0,41.0,,1.0,0.38909723105527844,22.29362915969408,10.295,313.79159999999996,manual_0,catawba
23,2022-05-12 23:48:52.396000+00:00,37.384271007066019,-80.1000812743605,13D04938-EEE1-4F8E-B4CF-97F4D500CCBF,11.675135046243668,513.424825668335,Black Locust,https://firebasestorage.googleapis.com:443/v0/b/working-trees.appspot.com/o/trees%2F9308EBFF-03BA-49AB-938B-8584563D97F0.png?alt=media&token=36472c13-6cf4-41b2-ac50-768851020352,https://firebasestorage.googleapis.com:443/v0/b/working-trees.appspot.com/o/trees%2F989A49C2-5BEE-4854-A289-028181A14B26.png?alt=media&token=bd418618-ca31-45a9-a457-cb7db231c0f5,BDB47999-95D1-4967-BDC4-6A4D43138D5F,B4,18.5,14.957381551776324,17.0,57.0,,1.0,0.518068528456721,29.683140179123303,15.065000000000001,459.1812000000001,manual_0,catawba
24,2022-05-12 23:52:23.228000+00:00,37.384178890238125,-80.10005548798631,0AC3F981-5F61-4B56-AAD5-69454699464B,9.707523882389069,521.3862895965576,Black Locust,https://firebasestorage.googleapis.com:443/v0/b/working-trees.appspot.com/o/trees%2F012AEEE2-6721-4106-A873-77036DE1A671.png?alt=media&token=199df510-135e-47ce-a868-8eea7730e740,https://firebasestorage.googleapis.com:443/v0/b/working-trees.appspot.com/o/trees%2FC2B86648-832E-438F-9083-E04B19A36FCF.png?alt=media&token=c0ec7762-d166-4880-a168-7b722426554f,BDB47999-95D1-4967-BDC4-6A4D43138D5F,B5,13.25,10.712719219515474,21.0,72.0,,,0.6240230529767569,35.75388725443675,20.494999999999997,624.6876,manual_0,catawba
25,2022-05-12 23:54:12.247000+00:00,37.3841553787119,-80.100046154186217,3AA8499E-6EE5-4817-87A5-7053A261DC81,8.472177386283875,594.282054901123,Black Locust,https://firebasestorage.googleapis.com:443/v0/b/working-trees.appspot.com/o/trees%2F8326E21F-921A-4007-B3B8-5B578E6A839B.png?alt=media&token=d688d170-2c07-40e4-b0e9-440e13fc3fa1,https://firebasestorage.googleapis.com:443/v0/b/working-trees.appspot.com/o/trees%2F58451577-A571-4DD1-BACA-3287162E6C9A.png?alt=media&token=356f2241-64d4-49b9-842b-8037e3eb8594,BDB47999-95D1-4967-BDC4-6A4D43138D5F,B6,14.0,11.319099552695597,24.0,65.0,,,0.5763752205911837,33.02386755579665,20.975,639.3180000000001,manual_0,catawba
26,2022-05-12 23:57:16.204000+00:00,37.384095449783075,-80.10000670999446,E4AD645A-23F3-42A0-AE29-BBBEF0A2CE2D,6.861750036478043,490.4524326324463,Black Locust,https://firebasestorage.googleapis.com:443/v0/b/working-trees.appspot.com/o/trees%2F674253E2-176C-4FE9-8E9A-CD11934C7253.png?alt=media&token=c93492c5-5e7a-482d-8bad-f6dcddbaeae6,https://firebasestorage.googleapis.com:443/v0/b/working-trees.appspot.com/o/trees%2F8616F567-2D77-40FB-833D-8081EA99AC94.png?alt=media&token=30f4f609-65ff-4981-acc2-3f13834bf059,BDB47999-95D1-4967-BDC4-6A4D43138D5F,B7,9.75,7.882944331341576,24.0,56.0,,,0.5104883219167758,29.24882633654698,18.815000000000005,573.4812000000002,manual_0,catawba
27,2022-05-12 23:58:53.685000+00:00,37.384070302394704,-80.099961916059343,611BF1CD-41E6-4E9F-B1A2-B5B20035C69E,13.852374255657196,616.2934303283691,Black Locust,https://firebasestorage.googleapis.com:443/v0/b/working-trees.appspot.com/o/trees%2F4D85CCC2-A708-419A-A608-32ADEB30439B.png?alt=media&token=0e8b8cc3-4409-4a83-9a9d-1a14a9b11628,https://firebasestorage.googleapis.com:443/v0/b/working-trees.appspot.com/o/trees%2F18444F8D-833E-418E-A786-2AB274FEFDC5.png?alt=media&token=03634eab-ce2c-4026-9d39-4156fa73bcc7,BDB47999-95D1-4967-BDC4-6A4D43138D5F,B8,18.75,15.15950832950303,25.0,68.0,,,0.5971766580926776,34.21570213243741,22.375,681.99,manual_0,catawba
28,2022-05-13 00:01:42.814000+00:00,37.38396793549898,-80.09987408129679,448912EC-CDE3-4739-89DC-78797E60168C,8.06669294834137,487.6734733581543,Black Locust,https://firebasestorage.googleapis.com:443/v0/b/working-trees.appspot.com/o/trees%2F609F0560-3D3A-46D0-B93C-B8F66D9838E7.png?alt=media&token=47e52ede-aa34-488e-abe1-e640debf705a,https://firebasestorage.googleapis.com:443/v0/b/working-trees.appspot.com/o/trees%2FEFE03122-D93F-4710-A262-7FC0595E6870.png?alt=media&token=4a65f0ea-e6ac-4d71-8579-7ea88c578c11,BDB47999-95D1-4967-BDC4-6A4D43138D5F,B9,10.75,8.691451442248406,20.0,45.0,,,0.4228539261329407,24.22774531795417,14.375,438.15000000000003,manual_0,catawba
29,2022-05-13 00:03:46.327000+00:00,37.383884601329946,-80.099855884984223,A52F311B-CAC5-4F3D-BE59-BB20D7D3B05F,1.7448876053094864,249.94144439697268,Black Locust,https://firebasestorage.googleapis.com:443/v0/b/working-trees.appspot.com/o/trees%2F8E8E1AE5-7F53-4E62-ADB8-6AF290925739.png?alt=media&token=2ab1e25f-7984-4a95-b60c-2d6cbd40b912,https://firebasestorage.googleapis.com:443/v0/b/working-trees.appspot.com/o/trees%2FBCE52417-F3DB-4C22-9DB3-3C972EF1D584.png?alt=media&token=448af7f7-2d9d-4a4d-bb71-af87d86df656,BDB47999-95D1-4967-BDC4-6A4D43138D5F,B10,3.25,2.627648110447192,9.0,26.0,,,0.25436805855326594,14.574216198038739,7.715,235.1532,manual_0,catawba
30,2022-05-13 00:05:23.235000+00:00,37.383855055121131,-80.099844653233973,BE5DC91A-D94F-401D-B5A3-5F298CF3B2FE,8.245531469583511,409.9939346313477,Black Locust,https://firebasestorage.googleapis.com:443/v0/b/working-trees.appspot.com/o/trees%2F4D1243CD-C1C5-499F-8273-2187690BE4DE.png?alt=media&token=98f0509d-58f8-40e1-9777-94d05b5b87d2,https://firebasestorage.googleapis.com:443/v0/b/working-trees.appspot.com/o/trees%2F54386932-30B0-471F-9C8E-E2790F1E6E2E.png?alt=media&token=cbca5714-f1d3-4b31-84dd-43908d98f5fa,BDB47999-95D1-4967-BDC4-6A4D43138D5F,B11,12.0,9.702085330881939,21.0,47.0,,,0.43936088728459144,25.173524524530166,15.245000000000001,464.6676,manual_0,catawba
31,2022-05-13 00:07:14.655000+00:00,37.38385304346437,-80.099777765646664,F780F486-D9B4-47A6-9D16-3DFCFF6D12ED,6.203848868608476,454.84213829040533,Black Locust,https://firebasestorage.googleapis.com:443/v0/b/working-trees.appspot.com/o/trees%2F6E5688EE-90D5-400C-A6CE-7EADD89E8422.png?alt=media&token=4cde7c99-9f9d-49c2-b2cf-bee619a72fc0,https://firebasestorage.googleapis.com:443/v0/b/working-trees.appspot.com/o/trees%2FE39E0032-684B-4171-8741-939E2D0F1EFA.png?alt=media&token=4f83f190-2a60-4452-af11-53cf0513fb0b,BDB47999-95D1-4967-BDC4-6A4D43138D5F,B12,8.5,6.872310442708041,17.0,58.0,,,0.5255837935516102,30.113733150982437,15.235000000000001,464.36280000000005,manual_0,catawba
32,2022-05-13 00:08:46.299000+00:00,37.3838002220138,-80.0998066550528,85FE98D2-4BAE-44F2-8531-50585E2DD294,5.790107324719429,276.95796489715576,Black Locust,https://firebasestorage.googleapis.com:443/v0/b/working-trees.appspot.com/o/trees%2F93731666-F7F9-4F75-85EA-F508C9DB13A5.png?alt=media&token=93c51274-2517-44e7-8a26-b16b6167bc64,https://firebasestorage.googleapis.com:443/v0/b/working-trees.appspot.com/o/trees%2FCF99DC71-A353-4391-A9CF-C1BE8BC7F613.png?alt=media&token=4d2026c3-e24b-4da0-86ab-8090db8387e3,BDB47999-95D1-4967-BDC4-6A4D43138D5F,B13,7.25,5.861676554074506,10.0,40.0,,,0.3805063771123649,21.80140948635181,9.375,285.75,manual_0,catawba
33,2022-05-13 00:09:42.567000+00:00,37.383716125076063,-80.099749937728134,D6E2C9F6-16D0-4747-A94A-17A60F055AA5,6.6611893475055695,468.76568794250494,Black Locust,https://firebasestorage.googleapis.com:443/v0/b/working-trees.appspot.com/o/trees%2FAF2F7644-BECB-4162-B4F0-BEC76F671E12.png?alt=media&token=6a3134d4-5978-4b12-9c5b-fdbee903d7f8,https://firebasestorage.googleapis.com:443/v0/b/working-trees.appspot.com/o/trees%2F86F19887-2BE3-4D98-AE15-D3FF8A350980.png?alt=media&token=45acebe9-181b-4f98-baca-c7ac899a5e37,BDB47999-95D1-4967-BDC4-6A4D43138D5F,B14,9.25,7.478690775888162,16.0,51.0,,,0.47161556786232767,27.02158159117704,13.535,412.5468,manual_0,catawba
34,2022-05-13 00:13:03.115000+00:00,37.383559886400946,-80.099852951318113,A3B19919-55D6-415C-BF1F-CEF16F8FF81A,6.878218054771423,386.38947010040283,Loblolly Pine,https://firebasestorage.googleapis.com:443/v0/b/working-trees.appspot.com/o/trees%2F699B98AB-3D09-4C2D-AEE4-C31C4AFF0CC9.png?alt=media&token=634aa84d-4730-4210-8d7f-759b0a56ec40,https://firebasestorage.googleapis.com:443/v0/b/working-trees.appspot.com/o/trees%2F7E290E55-8357-4F8F-9B0E-3B2772E997FC.png?alt=media&token=117e0f27-60ff-4848-b17c-9e1d7672027f,BDB47999-95D1-4967-BDC4-6A4D43138D5F,C1,9.75,7.882944331341576,20.0,45.0,,,0.4228539261329407,24.22774531795417,14.375,438.15000000000003,manual_0,catawba
35,2022-05-13 00:15:42.614000+00:00,37.383636958000736,-80.099868290200888,F8AF54F2-C97B-4162-8C65-9442CE991259,12.496399134397508,545.4570770263672,Loblolly Pine,https://firebasestorage.googleapis.com:443/v0/b/working-trees.appspot.com/o/trees%2F24D86CDB-19DB-4806-8FC7-4C6B012BDBC1.png?alt=media&token=af63aad7-3e64-4834-9523-9e550cc29019,https://firebasestorage.googleapis.com:443/v0/b/working-trees.appspot.com/o/trees%2F80939461-44AD-4658-B23B-AABA8555B224.png?alt=media&token=1ab500f0-51c9-4982-8553-3e3ed465ec49,BDB47999-95D1-4967-BDC4-6A4D43138D5F,C2,18.0,14.55312799632291,27.0,57.0,,,0.518068528456721,29.683140179123303,20.765,632.9172,manual_0,catawba
36,2022-05-13 00:16:28.264000+00:00,37.383658667129957,-80.099843228310434,33632B65-D2F9-4594-B18B-26EEF8186F93,8.616684377193451,518.5476779937744,Loblolly Pine,https://firebasestorage.googleapis.com:443/v0/b/working-trees.appspot.com/o/trees%2FED75B2CF-B658-4F9F-AE40-269C62DA4B23.png?alt=media&token=b73884ff-b26f-4093-966c-e53088e9cbef,https://firebasestorage.googleapis.com:443/v0/b/working-trees.appspot.com/o/trees%2FC30196FC-4EF8-4D06-B5E5-59D1CCE9CB8B.png?alt=media&token=fa6ee8c6-1852-4f90-886b-4486e005acc4,BDB47999-95D1-4967-BDC4-6A4D43138D5F,C3,12.0,9.702085330881939,27.0,54.0,,,0.49513326346840414,28.369046293278583,19.955000000000002,608.2284000000001,manual_0,catawba
37,2022-05-13 00:18:04.073000+00:00,37.38367568239326,-80.099911708459345,A19F21C5-A04E-4032-835D-8A0574801949,21.174053847789768,666.9013500213623,Loblolly Pine,,,BDB47999-95D1-4967-BDC4-6A4D43138D5F,C4,29.25,23.64883299402473,29.0,65.0,,1.0,0.5763752205911837,33.02386755579665,24.225000000000005,738.3780000000002,manual_0,catawba
38,2022-05-13 00:19:31.349000+00:00,37.383717088995056,-80.099917827248632,AA107791-1DC1-44DA-80E4-E9A75A0A3D78,13.76791447401047,513.8237953186035,Loblolly Pine,,,BDB47999-95D1-4967-BDC4-6A4D43138D5F,C5,18.5,14.957381551776324,27.0,67.0,,,0.590306746935372,33.82208521749396,23.465,715.2131999999999,manual_0,catawba
39,2022-05-13 00:20:44.343000+00:00,37.383736009172566,-80.099957186410123,B1049E8E-111B-4919-B8C5-7ABD0728FC82,6.119613349437714,371.65513038635254,Loblolly Pine,,https://firebasestorage.googleapis.com:443/v0/b/working-trees.appspot.com/o/trees%2F9AFA1CEA-8998-4C71-B143-F36B04413040.png?alt=media&token=ee4ece93-569c-403a-9d00-7244fae4e98d,BDB47999-95D1-4967-BDC4-6A4D43138D5F,C6,9.5,7.680817553614869,20.0,45.0,,,0.4228539261329407,24.22774531795417,14.375,438.15000000000003,manual_0,catawba
40,2022-05-13 00:21:32.190000+00:00,37.383754849468851,-80.099967112839309,A9965DC2-8880-475E-9FDC-72BE99229003,10.0350521504879,489.51377868652344,Loblolly Pine,https://firebasestorage.googleapis.com:443/v0/b/working-trees.appspot.com/o/trees%2F22FDCAB2-6120-4DF4-9876-F5F11F3C56F6.png?alt=media&token=f1d21ada-26a5-49d7-973b-5089cf67aae8,https://firebasestorage.googleapis.com:443/v0/b/working-trees.appspot.com/o/trees%2FD6D37F19-873E-4158-81C9-BD9BAB9A1F84.png?alt=media&token=6ca12fd8-515c-4d46-823e-ec372e8ac0ba,BDB47999-95D1-4967-BDC4-6A4D43138D5F,C7,15.0,12.127606663602426,23.0,55.0,,,0.5028432109278609,28.810793742973065,18.025,549.4019999999999,manual_0,catawba
41,2022-05-13 00:22:21.576000+00:00,37.383771277999053,-80.099956384003221,8D42D57C-0E45-47FA-8BF0-DDD4F551A0B4,8.866824209690094,430.48229217529297,Loblolly Pine,https://firebasestorage.googleapis.com:443/v0/b/working-trees.appspot.com/o/trees%2F698449B7-6501-45D6-91D7-C3D978A9F36F.png?alt=media&token=fb56394b-befa-45e0-b158-96d2fa6dfc05,https://firebasestorage.googleapis.com:443/v0/b/working-trees.appspot.com/o/trees%2FA93A106D-C010-4653-B9DC-78569BF92B8F.png?alt=media&token=81b43edf-c308-4823-959d-04edc4a0a2df,BDB47999-95D1-4967-BDC4-6A4D43138D5F,C8,12.0,9.702085330881939,20.0,54.0,,,0.49513326346840414,28.369046293278583,16.175,493.01400000000007,manual_0,catawba
42,2022-05-13 00:23:10.351000+00:00,37.383750024547709,-80.099999908348963,AB8914DA-AE21-46C9-91D9-52CA436711CF,6.344080716371537,364.8612976074219,Loblolly Pine,https://firebasestorage.googleapis.com:443/v0/b/working-trees.appspot.com/o/trees%2FA004CAAF-C7F0-423D-AD15-86FF0B398EE1.png?alt=media&token=c8df69f7-f18d-49ee-859b-8d39309b6f05,https://firebasestorage.googleapis.com:443/v0/b/working-trees.appspot.com/o/trees%2FEC905E82-383B-4558-AAA4-BBEAC880AD93.png?alt=media&token=5edf00dd-993d-4385-b09f-7f71a73d0da5,BDB47999-95D1-4967-BDC4-6A4D43138D5F,C9,10.0,8.085071109068284,18.0,43.0,,,0.40609805831761564,23.26770481005695,13.114999999999998,399.7452,manual_0,catawba
43,2022-05-13 00:24:36.987000+00:00,37.383868940819596,-80.100053021340045,BF39B5B6-54D3-4FEA-865A-BEDD84A10171,4.110081493854524,262.2332811355591,Loblolly Pine,https://firebasestorage.googleapis.com:443/v0/b/working-trees.appspot.com/o/trees%2F662298F4-1598-4A52-A6F0-D6184EECAE57.png?alt=media&token=ae05890f-e72f-4a58-b339-33005057cf7a,https://firebasestorage.googleapis.com:443/v0/b/working-trees.appspot.com/o/trees%2F57F5C9B7-925A-450A-94E0-D6AA654D7B34.png?alt=media&token=562eaafd-ee37-4794-af7b-a99b866660e4,BDB47999-95D1-4967-BDC4-6A4D43138D5F,C10,6.25,5.053169443167677,9.0,47.0,,,0.43936088728459144,25.173524524530166,9.605,292.7604,manual_0,catawba
44,2022-05-13 00:27:22.860000+00:00,37.382632214623932,-80.103036612086782,F842F41B-024B-4D85-A8F6-AF0FEE3C995C,2.2843902930617332,276.43036842346197,Loblolly Pine,https://firebasestorage.googleapis.com:443/v0/b/working-trees.appspot.com/o/trees%2F9FF30785-9438-4A37-B3C6-18838C35BF13.png?alt=media&token=ec796aaf-7823-4320-8f1d-3d8d9edbfbf5,https://firebasestorage.googleapis.com:443/v0/b/working-trees.appspot.com/o/trees%2F3547CCAA-34D6-4568-96DA-2835DB1BA500.png?alt=media&token=088e907d-85f8-478d-b1a0-54f5d9527a75,BDB47999-95D1-4967-BDC4-6A4D43138D5F,C11,5.0,4.042535554534142,9.0,33.0,,,0.31874756042064445,18.26288994219413,8.344999999999999,254.35559999999998,manual_0,catawba
45,2022-05-13 00:28:09.349000+00:00,37.383919050951988,-80.100048584938136,DAC4B3DD-052B-4DD9-9203-8E5BD8DE81E4,9.116954356431963,442.428731918335,Loblolly Pine,https://firebasestorage.googleapis.com:443/v0/b/working-trees.appspot.com/o/trees%2F4F346D77-667C-4933-886E-2B81CE062C04.png?alt=media&token=56f0abde-e3fc-470b-98d1-51f7ffa27cea,https://firebasestorage.googleapis.com:443/v0/b/working-trees.appspot.com/o/trees%2FE5EB606C-5F6A-4344-8EF0-CED008ADF0F3.png?alt=media&token=b1ddec3c-380a-48fe-8c53-23c29c845999,BDB47999-95D1-4967-BDC4-6A4D43138D5F,C12,13.75,11.11697277496889,18.0,45.0,,,0.4228539261329407,24.22774531795417,13.475,410.71799999999996,manual_0,catawba
46,2022-05-13 00:29:06.219000+00:00,37.383944741485067,-80.100099295452324,E8ED88D0-78C7-48C4-A7C6-49B846FB7F2B,5.914787948131561,404.8664093017578,Loblolly Pine,https://firebasestorage.googleapis.com:443/v0/b/working-trees.appspot.com/o/trees%2F257B050F-E00C-4016-A6E7-5A031F65DAC1.png?alt=media&token=a82e4818-783d-471e-a69e-66f04a2b6db1,https://firebasestorage.googleapis.com:443/v0/b/working-trees.appspot.com/o/trees%2F3F984E32-FE6C-42B8-8A65-27A2151F14EE.png?alt=media&token=2aceabda-da1c-43be-92b2-37e759c5ec8e,BDB47999-95D1-4967-BDC4-6A4D43138D5F,C13,9.5,7.680817553614869,18.0,43.0,,,0.40609805831761564,23.26770481005695,13.114999999999998,399.7452,manual_0,catawba
