,Unnamed: 0,date,lat,lon,tree_id,diam_app,height_app,species,height_url,diam_url,parcel_id,TID,circ,diam,distance,angle,height,BasalArea,angle_rad,angle_deg,height_ft,height_in
0,0,2022-05-12 23:03:18.691,37.38492886784021,-80.10038538154066,B19C9067-1ED9-4EF0-A10B-956A1248B27E,2.8028655943908087,144.82011006573055,Black Walnut,https://firebasestorage.googleapis.com:443/v0/b/working-trees.appspot.com/o/trees%2FD68AC265-E3BC-4F2B-A84D-9AEB43C8BC70.png?alt=media&token=517aadbd-f772-4a1f-b635-f543c995d06b,https://firebasestorage.googleapis.com:443/v0/b/working-trees.appspot.com/o/trees%2F77139766-FD6F-4429-BD3C-9640A1E7DB10.png?alt=media&token=f83f8438-25d7-4d25-b7bf-a11841f8e210,BDB47999-95D1-4967-BDC4-6A4D43138D5F,A1,10.75,3.42183127647575,13.5,64.0,,,0.5693131911006619,32.61924307119283,14.015000000000002,168.18000000000004
1,0,2022-05-12 23:04:46.039,37.384884111755504,-80.10037820454785,07CF439E-1A1A-4567-AFB7-B8AD5AB25574,1.8089643026900104,106.60243785287452,Black Walnut,https://firebasestorage.googleapis.com:443/v0/b/working-trees.appspot.com/o/trees%2F82DDCB72-1FD2-4DB0-AC42-F98966C73859.png?alt=media&token=9f300e4e-55d1-4337-a713-f979c374d70e,https://firebasestorage.googleapis.com:443/v0/b/working-trees.appspot.com/o/trees%2F28FF0D5D-4429-4B65-87CA-55980283DCCF.png?alt=media&token=72970fb4-6e30-434d-a9f1-4988402e3cd5,BDB47999-95D1-4967-BDC4-6A4D43138D5F,A2,7.25,2.3077466748324826,8.0,43.0,,,0.40609805831761564,23.26770481005695,8.815,105.78
2,0,2022-05-12 23:06:50.887,37.38488207039703,-80.10034649239785,682F1558-871E-419D-9070-6F789DC375B0,0.8408178934666116,50.069117170619215,Black Walnut,https://firebasestorage.googleapis.com:443/v0/b/working-trees.appspot.com/o/trees%2F2D191142-AFD5-4DB0-AD18-AB12A1595351.png?alt=media&token=cabb1313-c6d2-4352-a48f-f5edf63e5180,https://firebasestorage.googleapis.com:443/v0/b/working-trees.appspot.com/o/trees%2FDA9D5B78-61EE-43E2-92CD-6BF073543640.png?alt=media&token=4e8afe29-e4dd-4af2-9012-c62274f8c08b,BDB47999-95D1-4967-BDC4-6A4D43138D5F,A3,4.25,1.3528170162811104,,,53.0,,,,,53.0
3,0,2022-05-12 23:09:02.046,37.38468234896416,-80.10040255270907,6EFECC85-B84C-4A1F-9D4A-54219A8FB1A8,0.6930093009640852,78.00844710642897,Black Walnut,https://firebasestorage.googleapis.com:443/v0/b/working-trees.appspot.com/o/trees%2F0BCCF8FD-DCD7-4DC7-A048-3FB8C597053C.png?alt=media&token=65868927-cb51-409d-a282-6c8ee1514b47,https://firebasestorage.googleapis.com:443/v0/b/working-trees.appspot.com/o/trees%2F722B706C-6C5A-4E28-9BE9-C7A1AB727718.png?alt=media&token=ff4d79ea-7a84-4beb-825a-8c1dd2ee01ef,BDB47999-95D1-4967-BDC4-6A4D43138D5F,A4,3.0,0.954929658551372,,,81.0,,,,,81.0
4,0,2022-05-12 23:10:38.393,37.3848461683055,-80.10032156689729,AD166740-8B22-4CEE-8860-F218EC71AA0A,1.0651693950722536,79.26965323020154,Black Walnut,https://firebasestorage.googleapis.com:443/v0/b/working-trees.appspot.com/o/trees%2FF8F1B4D2-7EF0-4005-952E-2F20C8DDC24A.png?alt=media&token=ab571ad4-ee35-4e23-8cd2-8cddd67c3649,https://firebasestorage.googleapis.com:443/v0/b/working-trees.appspot.com/o/trees%2FE2EE702A-3AA2-4B74-8AEB-F69138762AEB.png?alt=media&token=1a4aea96-f76d-4418-bd69-da6139f6a191,BDB47999-95D1-4967-BDC4-6A4D43138D5F,A5,2.75,0.8753521870054244,4.0,21.0,,,0.206992194219821,11.859779120947978,6.215,74.58
5,0,2022-05-12 23:11:57.280,37.38479881550873,-80.10030909448871,E2904A05-3E1F-480D-BFD7-C644E2DDF902,1.1155383265393926,83.7795471581887,Black Walnut,https://firebasestorage.googleapis.com:443/v0/b/working-trees.appspot.com/o/trees%2F71F13D87-B800-4F04-BDE7-6F9FBA7CEE89.png?alt=media&token=83788ecb-da9a-452c-b745-4eb7756334c1,https://firebasestorage.googleapis.com:443/v0/b/working-trees.appspot.com/o/trees%2F536823B4-176B-4A1D-AD09-A7BC481A9998.png?alt=media&token=8414a2ed-3e2a-453f-b811-2a405ca0b3bb,BDB47999-95D1-4967-BDC4-6A4D43138D5F,A6,3.5,1.1140846016432675,5.0,25.0,,,0.24497866312686414,14.036243467926479,6.625,79.5
6,0,2022-05-12 23:16:05.804,37.38477052658553,-80.10029920384297,D1E8680F-0D92-45A7-8088-3FB2B816E88A,3.7139935756292872,157.62385420911895,Black Walnut,https://firebasestorage.googleapis.com:443/v0/b/working-trees.appspot.com/o/trees%2FA77300BF-7804-48CA-8FCB-1211CC56CB6A.png?alt=media&token=f1bedc2a-6eec-464a-9145-8949fd27c8d5,https://firebasestorage.googleapis.com:443/v0/b/working-trees.appspot.com/o/trees%2F00E6466B-FA1A-44AD-943E-22550C55A396.png?alt=media&token=470c73ab-f738-4905-b1df-d9c1a04ce207,BDB47999-95D1-4967-BDC4-6A4D43138D5F,A7,13.5,4.297183463481174,13.0,62.0,,,0.5549957273385867,31.79891282429442,13.434999999999999,161.21999999999997
7,0,2022-05-12 23:19:21.594,37.38477576420143,-80.10027095753875,A8E61A37-7C33-4587-9951-72CEC44CB45F,2.468541323199985,147.69354204493246,Black Walnut,https://firebasestorage.googleapis.com:443/v0/b/working-trees.appspot.com/o/trees%2F189024EF-3BF2-4DC9-8B1E-9508848AC30D.png?alt=media&token=93756ce9-0771-49d7-ab6f-c111a94cfd4e,https://firebasestorage.googleapis.com:443/v0/b/working-trees.appspot.com/o/trees%2F8550A758-987B-4AEE-8A86-4E1F7662030A.png?alt=media&token=238aa82b-42f7-49c1-acb6-7b564b6c1308,BDB47999-95D1-4967-BDC4-6A4D43138D5F,A8,8.75,2.7852115041081684,10.0,75.0,,,0.6435011087932844,36.86989764584402,12.875,154.5
8,0,2022-05-12 23:20:39.964,37.38472220491387,-80.10024765513846,831D642C-CE44-439A-89C1-DDB51A0C46E3,1.2642676084060367,88.85498121967466,Black Walnut,https://firebasestorage.googleapis.com:443/v0/b/working-trees.appspot.com/o/trees%2F808691DD-A52A-4B51-8C5F-2428EEE48A29.png?alt=media&token=512348a0-0818-41b8-af7a-70a4e2d0c588,https://firebasestorage.googleapis.com:443/v0/b/working-trees.appspot.com/o/trees%2FD05B8612-DEA5-4238-8558-0994019DB4B0.png?alt=media&token=940e60c8-5de4-4b21-9a4a-334fe087f9d5,BDB47999-95D1-4967-BDC4-6A4D43138D5F,A9,4.75,1.5119719593730057,7.0,21.0,,,0.206992194219821,11.859779120947978,6.845,82.14
9,0,2022-05-12 23:22:27.368,37.38469731066146,-80.10025746196517,B6FD47A6-6814-41AB-B238-48620DC28793,0.4764915055294675,67.70776012751061,Black Walnut,https://firebasestorage.googleapis.com:443/v0/b/working-trees.appspot.com/o/trees%2F5748D3EB-2E27-4B03-862C-C0E55211EB7B.png?alt=media&token=a2d330be-fecd-472f-9c05-3e5e1b4dbafd,https://firebasestorage.googleapis.com:443/v0/b/working-trees.appspot.com/o/trees%2F9D61127D-3BE4-4D7B-B3AA-57A54ADF1D1B.png?alt=media&token=bf5b8c39-540a-4f07-b6c6-34ab20591144,BDB47999-95D1-4967-BDC4-6A4D43138D5F,A10,2.25,0.716197243913529,,,69.5,,,,,69.5
10,0,2022-05-12 23:24:49.631,37.3846886773012,-80.10023893795916,B167BA40-3041-4C54-8D69-C75EF9BBEE69,1.712218073644037,93.6931137024887,Black Walnut,https://firebasestorage.googleapis.com:443/v0/b/working-trees.appspot.com/o/trees%2FFF6CE105-4F9D-45B3-BDF6-53AA6A0FB7DA.png?alt=media&token=de4ed3ba-2c11-4c03-8394-12bd08cbfe58,https://firebasestorage.googleapis.com:443/v0/b/working-trees.appspot.com/o/trees%2FD3E83592-D7BC-488D-9DA1-1C080C331FA9.png?alt=media&token=b15cd366-b0f7-4e2b-98f2-2e2c67503e0d,BDB47999-95D1-4967-BDC4-6A4D43138D5F,A11,4.75,1.5119719593730057,10.0,27.0,,,0.26371183446226615,15.109575122340466,8.075000000000001,96.9
11,0,2022-05-12 23:26:15.001,37.38465326941471,-80.10022259696096,4E60B5C9-2CC1-4EB3-A8E4-5EC0810D1A11,1.4568233173193894,98.20189063004622,Black Walnut,https://firebasestorage.googleapis.com:443/v0/b/working-trees.appspot.com/o/trees%2F93A5C4BF-3A2C-4524-BF70-2B8D81487A76.png?alt=media&token=3331f88a-ed11-4376-a740-6e963b1f7ebb,https://firebasestorage.googleapis.com:443/v0/b/working-trees.appspot.com/o/trees%2F7F2FDF84-4B68-496B-A94A-3AE1D4E83855.png?alt=media&token=72c5eaa9-5e21-4239-874f-870e6ff6a84f,BDB47999-95D1-4967-BDC4-6A4D43138D5F,A12,5.75,1.8302818455567964,10.0,35.0,,,0.3366748193867272,19.290046219188735,8.875,106.5
12,0,2022-05-12 23:28:05.527,37.38464391793812,-80.10030716665098,92526F73-D28B-4446-9A4C-E1D7185CF136,1.1411436107449644,98.78733026699757,Black Walnut,https://firebasestorage.googleapis.com:443/v0/b/working-trees.appspot.com/o/trees%2F95D66E32-3200-4109-817C-16C5AA9C89A8.png?alt=media&token=a9c4a80f-9e36-4c24-a707-71631d80a277,https://firebasestorage.googleapis.com:443/v0/b/working-trees.appspot.com/o/trees%2F1E43AC00-8B7D-4C46-AAA2-74543E09EDE3.png?alt=media&token=f15baa71-bfa3-4381-aae5-9681ab81c1f2,BDB47999-95D1-4967-BDC4-6A4D43138D5F,A13,4.5,1.432394487827058,8.0,27.0,,,0.26371183446226615,15.109575122340466,7.535,90.42
13,0,2022-05-12 23:29:17.497,37.384608881583,-80.10018395267436,856D3F1B-67CA-4ED9-8104-109A957F8791,0.821215973243,83.01458959504376,Black Walnut,https://firebasestorage.googleapis.com:443/v0/b/working-trees.appspot.com/o/trees%2F4989CEF4-1FF7-4A18-ADEF-DCB67907D1AC.png?alt=media&token=992adb79-a2a5-45bf-92de-5ae3744d8ae2,https://firebasestorage.googleapis.com:443/v0/b/working-trees.appspot.com/o/trees%2F79816107-3354-4C46-91DB-24AE5CA8E5E0.png?alt=media&token=e8e02d49-1094-4f05-b5c0-7ef5b32f758e,BDB47999-95D1-4967-BDC4-6A4D43138D5F,A14,3.5,1.1140846016432675,,,86.0,,,,,86.0
14,0,2022-05-12 23:31:20.404,37.384612318163306,-80.1001600642503,ABE71C1B-F80E-4CE6-8543-2B8010F66384,1.5946348586420376,108.17957675363137,Black Walnut,https://firebasestorage.googleapis.com:443/v0/b/working-trees.appspot.com/o/trees%2F7C29CF86-F054-4338-B6D8-F93C5C29842E.png?alt=media&token=3b7a05e3-0198-441a-8daf-6be29afb24e3,https://firebasestorage.googleapis.com:443/v0/b/working-trees.appspot.com/o/trees%2FBB947672-71A9-454B-AADC-E0396EA5E9B5.png?alt=media&token=0ac69db2-5441-4646-8ee3-fffe4da688d5,BDB47999-95D1-4967-BDC4-6A4D43138D5F,A15,5.5,1.7507043740108488,9.0,29.0,,,0.2822574219814911,16.17215901578255,7.984999999999999,95.82
15,0,2022-05-12 23:32:39.537,37.384597775561296,-80.10015981279322,B314A6D4-9D4A-4408-B5E5-5336AA79736A,1.0759079843524872,64.08844876477099,Black Walnut,https://firebasestorage.googleapis.com:443/v0/b/working-trees.appspot.com/o/trees%2F812DE649-87F7-4BC5-A0E5-E4E4F14834E1.png?alt=media&token=94236173-0a63-4e0d-8a3b-50e577a0f4fd,https://firebasestorage.googleapis.com:443/v0/b/working-trees.appspot.com/o/trees%2F7E65B9CF-E971-450A-9DD9-D6112D72794A.png?alt=media&token=e18e6fda-bd17-4622-8290-5d171b7af6fd,BDB47999-95D1-4967-BDC4-6A4D43138D5F,A16,6.0,1.909859317102744,,,72.0,,,,,72.0
16,0,2022-05-12 23:33:51.081,37.3845508369034,-80.10015159852811,3FCBB796-6490-40E4-BDE1-DF636B04588B,2.145682586224999,113.17123578289365,Black Walnut,https://firebasestorage.googleapis.com:443/v0/b/working-trees.appspot.com/o/trees%2F116A1512-873A-4F4E-A7EC-255CD92023A3.png?alt=media&token=ec000cd8-8207-4435-a969-0560e1c58920,https://firebasestorage.googleapis.com:443/v0/b/working-trees.appspot.com/o/trees%2FCC09783C-3882-43DE-92FE-5D97E153EF64.png?alt=media&token=d4b9855b-eedc-470b-9fd6-fd538e913f8e,BDB47999-95D1-4967-BDC4-6A4D43138D5F,A17,9.5,3.0239439187460113,9.0,36.0,,,0.34555558058171215,19.798876354524932,8.615,103.38
17,0,2022-05-12 23:34:50.126,37.38450708278872,-80.10015664135278,8E4C8300-58C2-4EA9-835B-816AB007B16F,1.2642293288482456,70.89835452282523,Black Walnut,https://firebasestorage.googleapis.com:443/v0/b/working-trees.appspot.com/o/trees%2FC0A96E47-55B7-4BB8-BB1C-E3E581DD55D1.png?alt=media&token=bcc9a329-1ec5-4fe8-aec5-4c98ea2431de,https://firebasestorage.googleapis.com:443/v0/b/working-trees.appspot.com/o/trees%2F706BF341-3F18-4859-BCCB-9D5C6A7AF8BB.png?alt=media&token=4a852c2a-f2ad-4b43-82ff-b8a469727664,BDB47999-95D1-4967-BDC4-6A4D43138D5F,A18,5.75,1.8302818455567964,,,73.0,,,,,73.0
18,0,2022-05-12 23:37:32.485,37.38463209945465,-80.10014531210074,6FF26FF0-D4CD-48CD-9917-272221DEB2EB,1.0138561611804435,74.61889522282156,Black Walnut,https://firebasestorage.googleapis.com:443/v0/b/working-trees.appspot.com/o/trees%2F1EBE7D1D-F489-445B-8059-12CF20C8C0B4.png?alt=media&token=c1ed4860-35b0-4b48-8a10-ab332299f119,https://firebasestorage.googleapis.com:443/v0/b/working-trees.appspot.com/o/trees%2FFD5E2BB4-AF71-419A-9E74-0B6F81DC14FC.png?alt=media&token=bdb63a3a-9c1a-48bc-9d68-ab2b4a660d9e,BDB47999-95D1-4967-BDC4-6A4D43138D5F,A19,4.75,1.5119719593730057,,,80.0,,,,,80.0
19,0,2022-05-12 23:38:32.425,37.384523260441966,-80.10011605925865,D21417CE-B110-4D06-8640-D53C9423C5B9,1.629588054859732,107.6624806471697,Black Walnut,https://firebasestorage.googleapis.com:443/v0/b/working-trees.appspot.com/o/trees%2F9EF592E6-5682-43CA-AE89-96E9389E9E58.png?alt=media&token=c414c130-7028-4ce5-9a78-ea0c25eff34b,https://firebasestorage.googleapis.com:443/v0/b/working-trees.appspot.com/o/trees%2F6D5466ED-27E1-4C7B-BFBC-ADB2FE20622B.png?alt=media&token=2843beb0-2595-4ac9-8367-dfd89709717f,BDB47999-95D1-4967-BDC4-6A4D43138D5F,A20,8.25,2.626056561016273,8.0,34.0,,,0.3277385067805555,18.778033222445544,8.095,97.14000000000001
20,0,2022-05-12 23:44:57.311,37.384316478890725,-80.10009778670974,02C5E364-0271-45E8-8601-E0DDC2695463,1.7168978595827509,172.51386417178657,Black Locust,https://firebasestorage.googleapis.com:443/v0/b/working-trees.appspot.com/o/trees%2F843975E7-3BD1-4870-845E-BC7A5653DD2C.png?alt=media&token=fa411cb0-02f4-4606-810c-d3553361ac85,https://firebasestorage.googleapis.com:443/v0/b/working-trees.appspot.com/o/trees%2F56388130-F109-4F12-893D-543919E7925C.png?alt=media&token=f948772f-7553-4f16-a6e5-8bd435249813,BDB47999-95D1-4967-BDC4-6A4D43138D5F,B1,7.5,2.3873241463784303,13.0,67.0,,,0.590306746935372,33.82208521749396,14.085,169.02
21,0,2022-05-12 23:45:58.217,37.38431566464986,-80.10013111813413,DC1786EF-F5C4-4429-BCC6-4A7B52B63BBA,1.883334150229852,178.54044756551428,Black Locust,https://firebasestorage.googleapis.com:443/v0/b/working-trees.appspot.com/o/trees%2FA1AEBB01-90F3-4395-864B-50D396E206AF.png?alt=media&token=6855d148-f7cd-49e7-9963-c26bbd5eb54b,https://firebasestorage.googleapis.com:443/v0/b/working-trees.appspot.com/o/trees%2F329A2ECB-812A-411B-AD27-E9F5DD2AF451.png?alt=media&token=10858d1b-e2c3-4f9d-8642-73f06d6da957,BDB47999-95D1-4967-BDC4-6A4D43138D5F,B2,7.0,2.228169203286535,15.0,52.0,,,0.4795192919925962,27.474431626277134,13.175,158.10000000000002
22,0,2022-05-12 23:47:24.639,37.384271593799376,-80.10008353747436,9F99B0F9-4F87-46A9-813A-31D45B8E8FD1,3.053069290683025,122.93587519427923,Black Locust,https://firebasestorage.googleapis.com:443/v0/b/working-trees.appspot.com/o/trees%2FC55451BB-897C-4BE7-B5A1-C07228B1657D.png?alt=media&token=4b36774c-b8f1-43eb-b41c-e5beb8673116,https://firebasestorage.googleapis.com:443/v0/b/working-trees.appspot.com/o/trees%2F709FB2F9-8966-4BA9-B582-78F54F9B49AF.png?alt=media&token=78f070c9-6716-46a7-a672-70cb85b2d392,BDB47999-95D1-4967-BDC4-6A4D43138D5F,B3,11.5,3.660563691113593,12.0,41.0,,1.0,0.38909723105527844,22.29362915969408,10.295,123.53999999999999
23,0,2022-05-12 23:48:52.396,37.38427100706602,-80.1000812743605,13D04938-EEE1-4F8E-B4CF-97F4D500CCBF,4.5965098607258525,202.13575813713976,Black Locust,https://firebasestorage.googleapis.com:443/v0/b/working-trees.appspot.com/o/trees%2F9308EBFF-03BA-49AB-938B-8584563D97F0.png?alt=media&token=36472c13-6cf4-41b2-ac50-768851020352,https://firebasestorage.googleapis.com:443/v0/b/working-trees.appspot.com/o/trees%2F989A49C2-5BEE-4854-A289-028181A14B26.png?alt=media&token=bd418618-ca31-45a9-a457-cb7db231c0f5,BDB47999-95D1-4967-BDC4-6A4D43138D5F,B4,18.5,5.888732894400127,17.0,57.0,,1.0,0.518068528456721,29.683140179123303,15.065000000000001,180.78000000000003
24,0,2022-05-12 23:52:23.228,37.384178890238125,-80.10005548798631,0AC3F981-5F61-4B56-AAD5-69454699464B,3.821859796216169,205.27019275455024,Black Locust,https://firebasestorage.googleapis.com:443/v0/b/working-trees.appspot.com/o/trees%2F012AEEE2-6721-4106-A873-77036DE1A671.png?alt=media&token=199df510-135e-47ce-a868-8eea7730e740,https://firebasestorage.googleapis.com:443/v0/b/working-trees.appspot.com/o/trees%2FC2B86648-832E-438F-9083-E04B19A36FCF.png?alt=media&token=c0ec7762-d166-4880-a168-7b722426554f,BDB47999-95D1-4967-BDC4-6A4D43138D5F,B5,13.25,4.217605991935226,21.0,72.0,,,0.6240230529767569,35.75388725443675,20.494999999999997,245.93999999999997
25,0,2022-05-12 23:54:12.247,37.3841553787119,-80.1000461541862,3AA8499E-6EE5-4817-87A5-7053A261DC81,3.3355029079857776,233.96931295319808,Black Locust,https://firebasestorage.googleapis.com:443/v0/b/working-trees.appspot.com/o/trees%2F8326E21F-921A-4007-B3B8-5B578E6A839B.png?alt=media&token=d688d170-2c07-40e4-b0e9-440e13fc3fa1,https://firebasestorage.googleapis.com:443/v0/b/working-trees.appspot.com/o/trees%2F58451577-A571-4DD1-BACA-3287162E6C9A.png?alt=media&token=356f2241-64d4-49b9-842b-8037e3eb8594,BDB47999-95D1-4967-BDC4-6A4D43138D5F,B6,14.0,4.45633840657307,24.0,65.0,,,0.5763752205911837,33.02386755579665,20.975,251.70000000000002
26,0,2022-05-12 23:57:16.204,37.38409544978308,-80.10000670999446,E4AD645A-23F3-42A0-AE29-BBBEF0A2CE2D,2.70147639231419,193.09150891041196,Black Locust,https://firebasestorage.googleapis.com:443/v0/b/working-trees.appspot.com/o/trees%2F674253E2-176C-4FE9-8E9A-CD11934C7253.png?alt=media&token=c93492c5-5e7a-482d-8bad-f6dcddbaeae6,https://firebasestorage.googleapis.com:443/v0/b/working-trees.appspot.com/o/trees%2F8616F567-2D77-40FB-833D-8081EA99AC94.png?alt=media&token=30f4f609-65ff-4981-acc2-3f13834bf059,BDB47999-95D1-4967-BDC4-6A4D43138D5F,B7,9.75,3.103521390291959,24.0,56.0,,,0.5104883219167758,29.24882633654698,18.815000000000005,225.78000000000006
27,0,2022-05-12 23:58:53.685,37.384070302394704,-80.09996191605934,611BF1CD-41E6-4E9F-B1A2-B5B20035C69E,5.453690651833542,242.63520879069648,Black Locust,https://firebasestorage.googleapis.com:443/v0/b/working-trees.appspot.com/o/trees%2F4D85CCC2-A708-419A-A608-32ADEB30439B.png?alt=media&token=0e8b8cc3-4409-4a83-9a9d-1a14a9b11628,https://firebasestorage.googleapis.com:443/v0/b/working-trees.appspot.com/o/trees%2F18444F8D-833E-418E-A786-2AB274FEFDC5.png?alt=media&token=03634eab-ce2c-4026-9d39-4156fa73bcc7,BDB47999-95D1-4967-BDC4-6A4D43138D5F,B8,18.75,5.968310365946075,25.0,68.0,,,0.5971766580926776,34.21570213243741,22.375,268.5
28,0,2022-05-13 00:01:42.814,37.38396793549898,-80.09987408129679,448912EC-CDE3-4739-89DC-78797E60168C,3.1758633654887283,191.99743045596625,Black Locust,https://firebasestorage.googleapis.com:443/v0/b/working-trees.appspot.com/o/trees%2F609F0560-3D3A-46D0-B93C-B8F66D9838E7.png?alt=media&token=47e52ede-aa34-488e-abe1-e640debf705a,https://firebasestorage.googleapis.com:443/v0/b/working-trees.appspot.com/o/trees%2FEFE03122-D93F-4710-A262-7FC0595E6870.png?alt=media&token=4a65f0ea-e6ac-4d71-8579-7ea88c578c11,BDB47999-95D1-4967-BDC4-6A4D43138D5F,B9,10.75,3.42183127647575,20.0,45.0,,,0.4228539261329407,24.22774531795417,14.375,172.5
29,0,2022-05-13 00:03:46.327,37.383884601329946,-80.09985588498422,A52F311B-CAC5-4F3D-BE59-BB20D7D3B05F,0.686963624137593,98.40214346337507,Black Locust,https://firebasestorage.googleapis.com:443/v0/b/working-trees.appspot.com/o/trees%2F8E8E1AE5-7F53-4E62-ADB8-6AF290925739.png?alt=media&token=2ab1e25f-7984-4a95-b60c-2d6cbd40b912,https://firebasestorage.googleapis.com:443/v0/b/working-trees.appspot.com/o/trees%2FBCE52417-F3DB-4C22-9DB3-3C972EF1D584.png?alt=media&token=448af7f7-2d9d-4a4d-bb71-af87d86df656,BDB47999-95D1-4967-BDC4-6A4D43138D5F,B10,3.25,1.0345071300973196,9.0,26.0,,,0.25436805855326594,14.574216198038739,7.715,92.58
30,0,2022-05-13 00:05:23.235,37.38385505512113,-80.09984465323397,BE5DC91A-D94F-401D-B5A3-5F298CF3B2FE,3.246272232119493,161.41493489423138,Black Locust,https://firebasestorage.googleapis.com:443/v0/b/working-trees.appspot.com/o/trees%2F4D1243CD-C1C5-499F-8273-2187690BE4DE.png?alt=media&token=98f0509d-58f8-40e1-9777-94d05b5b87d2,https://firebasestorage.googleapis.com:443/v0/b/working-trees.appspot.com/o/trees%2F54386932-30B0-471F-9C8E-E2790F1E6E2E.png?alt=media&token=cbca5714-f1d3-4b31-84dd-43908d98f5fa,BDB47999-95D1-4967-BDC4-6A4D43138D5F,B11,12.0,3.819718634205488,21.0,47.0,,,0.43936088728459144,25.173524524530166,15.245000000000001,182.94
31,0,2022-05-13 00:07:14.655,37.38385304346437,-80.09977776564665,F780F486-D9B4-47A6-9D16-3DFCFF6D12ED,2.4424601844915257,179.07170798834855,Black Locust,https://firebasestorage.googleapis.com:443/v0/b/working-trees.appspot.com/o/trees%2F6E5688EE-90D5-400C-A6CE-7EADD89E8422.png?alt=media&token=4cde7c99-9f9d-49c2-b2cf-bee619a72fc0,https://firebasestorage.googleapis.com:443/v0/b/working-trees.appspot.com/o/trees%2FE39E0032-684B-4171-8741-939E2D0F1EFA.png?alt=media&token=4f83f190-2a60-4452-af11-53cf0513fb0b,BDB47999-95D1-4967-BDC4-6A4D43138D5F,B12,8.5,2.705634032562221,17.0,58.0,,,0.5255837935516102,30.113733150982437,15.235000000000001,182.82000000000002
32,0,2022-05-13 00:08:46.299,37.3838002220138,-80.0998066550528,85FE98D2-4BAE-44F2-8531-50585E2DD294,2.279569812881665,109.03856885714794,Black Locust,https://firebasestorage.googleapis.com:443/v0/b/working-trees.appspot.com/o/trees%2F93731666-F7F9-4F75-85EA-F508C9DB13A5.png?alt=media&token=93c51274-2517-44e7-8a26-b16b6167bc64,https://firebasestorage.googleapis.com:443/v0/b/working-trees.appspot.com/o/trees%2FCF99DC71-A353-4391-A9CF-C1BE8BC7F613.png?alt=media&token=4d2026c3-e24b-4da0-86ab-8090db8387e3,BDB47999-95D1-4967-BDC4-6A4D43138D5F,B13,7.25,2.3077466748324826,10.0,40.0,,,0.3805063771123649,21.80140948635181,9.375,112.5
33,0,2022-05-13 00:09:42.567,37.38371612507606,-80.09974993772813,D6E2C9F6-16D0-4747-A94A-17A60F055AA5,2.622515491143925,184.5534204498051,Black Locust,https://firebasestorage.googleapis.com:443/v0/b/working-trees.appspot.com/o/trees%2FAF2F7644-BECB-4162-B4F0-BEC76F671E12.png?alt=media&token=6a3134d4-5978-4b12-9c5b-fdbee903d7f8,https://firebasestorage.googleapis.com:443/v0/b/working-trees.appspot.com/o/trees%2F86F19887-2BE3-4D98-AE15-D3FF8A350980.png?alt=media&token=45acebe9-181b-4f98-baca-c7ac899a5e37,BDB47999-95D1-4967-BDC4-6A4D43138D5F,B14,9.25,2.9443664472000637,16.0,51.0,,,0.47161556786232767,27.02158159117704,13.535,162.42000000000002
34,0,2022-05-13 00:13:03.115,37.38355988640095,-80.09985295131811,A3B19919-55D6-415C-BF1F-CEF16F8FF81A,2.7079598640832376,152.12183862220584,Loblolly Pine,https://firebasestorage.googleapis.com:443/v0/b/working-trees.appspot.com/o/trees%2F699B98AB-3D09-4C2D-AEE4-C31C4AFF0CC9.png?alt=media&token=634aa84d-4730-4210-8d7f-759b0a56ec40,https://firebasestorage.googleapis.com:443/v0/b/working-trees.appspot.com/o/trees%2F7E290E55-8357-4F8F-9B0E-3B2772E997FC.png?alt=media&token=117e0f27-60ff-4848-b17c-9e1d7672027f,BDB47999-95D1-4967-BDC4-6A4D43138D5F,C1,9.75,3.103521390291959,20.0,45.0,,,0.4228539261329407,24.22774531795417,14.375,172.5
35,0,2022-05-13 00:15:42.614,37.383636958000736,-80.0998682902009,F8AF54F2-C97B-4162-8C65-9442CE991259,4.919842178896657,214.7468807190422,Loblolly Pine,https://firebasestorage.googleapis.com:443/v0/b/working-trees.appspot.com/o/trees%2F24D86CDB-19DB-4806-8FC7-4C6B012BDBC1.png?alt=media&token=af63aad7-3e64-4834-9523-9e550cc29019,https://firebasestorage.googleapis.com:443/v0/b/working-trees.appspot.com/o/trees%2F80939461-44AD-4658-B23B-AABA8555B224.png?alt=media&token=1ab500f0-51c9-4982-8553-3e3ed465ec49,BDB47999-95D1-4967-BDC4-6A4D43138D5F,C2,18.0,5.729577951308232,27.0,57.0,,,0.518068528456721,29.683140179123303,20.765,249.18
36,0,2022-05-13 00:16:28.264,37.38365866712996,-80.09984322831043,33632B65-D2F9-4594-B18B-26EEF8186F93,3.39239542409191,204.15262913140725,Loblolly Pine,https://firebasestorage.googleapis.com:443/v0/b/working-trees.appspot.com/o/trees%2FED75B2CF-B658-4F9F-AE40-269C62DA4B23.png?alt=media&token=b73884ff-b26f-4093-966c-e53088e9cbef,https://firebasestorage.googleapis.com:443/v0/b/working-trees.appspot.com/o/trees%2FC30196FC-4EF8-4D06-B5E5-59D1CCE9CB8B.png?alt=media&token=fa6ee8c6-1852-4f90-886b-4486e005acc4,BDB47999-95D1-4967-BDC4-6A4D43138D5F,C3,12.0,3.819718634205488,27.0,54.0,,,0.49513326346840414,28.369046293278583,19.955000000000002,239.46000000000004
37,0,2022-05-13 00:18:04.073,37.38367568239326,-80.09991170845935,A19F21C5-A04E-4032-835D-8A0574801949,8.336241672358174,262.5595866225836,Loblolly Pine,,,BDB47999-95D1-4967-BDC4-6A4D43138D5F,C4,29.25,9.310564170875878,29.0,65.0,,1.0,0.5763752205911837,33.02386755579665,24.225000000000005,290.70000000000005
38,0,2022-05-13 00:19:31.349,37.383717088995056,-80.09991782724862,AA107791-1DC1-44DA-80E4-E9A75A0A3D78,5.42043876929546,202.2928328025998,Loblolly Pine,,,BDB47999-95D1-4967-BDC4-6A4D43138D5F,C5,18.5,5.888732894400127,27.0,67.0,,,0.590306746935372,33.82208521749396,23.465,281.58
39,0,2022-05-13 00:20:44.343,37.383736009172566,-80.09995718641011,B1049E8E-111B-4919-B8C5-7ABD0728FC82,2.4092965942668165,146.32091747494195,Loblolly Pine,,https://firebasestorage.googleapis.com:443/v0/b/working-trees.appspot.com/o/trees%2F9AFA1CEA-8998-4C71-B143-F36B04413040.png?alt=media&token=ee4ece93-569c-403a-9d00-7244fae4e98d,BDB47999-95D1-4967-BDC4-6A4D43138D5F,C6,9.5,3.0239439187460113,20.0,45.0,,,0.4228539261329407,24.22774531795417,14.375,172.5
40,0,2022-05-13 00:21:32.190,37.38375484946885,-80.09996711283931,A9965DC2-8880-475E-9FDC-72BE99229003,3.950807933262953,192.72196011280448,Loblolly Pine,https://firebasestorage.googleapis.com:443/v0/b/working-trees.appspot.com/o/trees%2F22FDCAB2-6120-4DF4-9876-F5F11F3C56F6.png?alt=media&token=f1d21ada-26a5-49d7-973b-5089cf67aae8,https://firebasestorage.googleapis.com:443/v0/b/working-trees.appspot.com/o/trees%2FD6D37F19-873E-4158-81C9-BD9BAB9A1F84.png?alt=media&token=6ca12fd8-515c-4d46-823e-ec372e8ac0ba,BDB47999-95D1-4967-BDC4-6A4D43138D5F,C7,15.0,4.7746482927568605,23.0,55.0,,,0.5028432109278609,28.810793742973065,18.025,216.29999999999998
41,0,2022-05-13 00:22:21.576,37.383771277999045,-80.09995638400322,8D42D57C-0E45-47FA-8BF0-DDD4F551A0B4,3.4908756731063364,169.48121739184762,Loblolly Pine,https://firebasestorage.googleapis.com:443/v0/b/working-trees.appspot.com/o/trees%2F698449B7-6501-45D6-91D7-C3D978A9F36F.png?alt=media&token=fb56394b-befa-45e0-b158-96d2fa6dfc05,https://firebasestorage.googleapis.com:443/v0/b/working-trees.appspot.com/o/trees%2FA93A106D-C010-4653-B9DC-78569BF92B8F.png?alt=media&token=81b43edf-c308-4823-959d-04edc4a0a2df,BDB47999-95D1-4967-BDC4-6A4D43138D5F,C8,12.0,3.819718634205488,20.0,54.0,,,0.49513326346840414,28.369046293278583,16.175,194.10000000000002
42,0,2022-05-13 00:23:10.351,37.3837500245477,-80.09999990834896,AB8914DA-AE21-46C9-91D9-52CA436711CF,2.497669573374621,143.6461801604023,Loblolly Pine,https://firebasestorage.googleapis.com:443/v0/b/working-trees.appspot.com/o/trees%2FA004CAAF-C7F0-423D-AD15-86FF0B398EE1.png?alt=media&token=c8df69f7-f18d-49ee-859b-8d39309b6f05,https://firebasestorage.googleapis.com:443/v0/b/working-trees.appspot.com/o/trees%2FEC905E82-383B-4558-AAA4-BBEAC880AD93.png?alt=media&token=5edf00dd-993d-4385-b09f-7f71a73d0da5,BDB47999-95D1-4967-BDC4-6A4D43138D5F,C9,10.0,3.183098861837907,18.0,43.0,,,0.40609805831761564,23.26770481005695,13.114999999999998,157.38
43,0,2022-05-13 00:24:36.987,37.3838689408196,-80.10005302134003,BF39B5B6-54D3-4FEA-865A-BEDD84A10171,1.6181423204151666,103.24144926596814,Loblolly Pine,https://firebasestorage.googleapis.com:443/v0/b/working-trees.appspot.com/o/trees%2F662298F4-1598-4A52-A6F0-D6184EECAE57.png?alt=media&token=ae05890f-e72f-4a58-b339-33005057cf7a,https://firebasestorage.googleapis.com:443/v0/b/working-trees.appspot.com/o/trees%2F57F5C9B7-925A-450A-94E0-D6AA654D7B34.png?alt=media&token=562eaafd-ee37-4794-af7b-a99b866660e4,BDB47999-95D1-4967-BDC4-6A4D43138D5F,C10,6.25,1.9894367886486917,9.0,47.0,,,0.43936088728459144,25.173524524530166,9.605,115.26
44,0,2022-05-13 00:27:22.860,37.382632214623925,-80.10303661208678,F842F41B-024B-4D85-A8F6-AF0FEE3C995C,0.8993662571109186,108.8308537100244,Loblolly Pine,https://firebasestorage.googleapis.com:443/v0/b/working-trees.appspot.com/o/trees%2F9FF30785-9438-4A37-B3C6-18838C35BF13.png?alt=media&token=ec796aaf-7823-4320-8f1d-3d8d9edbfbf5,https://firebasestorage.googleapis.com:443/v0/b/working-trees.appspot.com/o/trees%2F3547CCAA-34D6-4568-96DA-2835DB1BA500.png?alt=media&token=088e907d-85f8-478d-b1a0-54f5d9527a75,BDB47999-95D1-4967-BDC4-6A4D43138D5F,C11,5.0,1.5915494309189535,9.0,33.0,,,0.31874756042064445,18.26288994219413,8.344999999999999,100.13999999999999
45,0,2022-05-13 00:28:09.349,37.383919050951995,-80.10004858493812,DAC4B3DD-052B-4DD9-9203-8E5BD8DE81E4,3.589352108831481,174.18454012532874,Loblolly Pine,https://firebasestorage.googleapis.com:443/v0/b/working-trees.appspot.com/o/trees%2F4F346D77-667C-4933-886E-2B81CE062C04.png?alt=media&token=56f0abde-e3fc-470b-98d1-51f7ffa27cea,https://firebasestorage.googleapis.com:443/v0/b/working-trees.appspot.com/o/trees%2FE5EB606C-5F6A-4344-8EF0-CED008ADF0F3.png?alt=media&token=b1ddec3c-380a-48fe-8c53-23c29c845999,BDB47999-95D1-4967-BDC4-6A4D43138D5F,C12,13.75,4.3767609350271215,18.0,45.0,,,0.4228539261329407,24.22774531795417,13.475,161.7
46,0,2022-05-13 00:29:06.219,37.38394474148507,-80.10009929545232,E8ED88D0-78C7-48C4-A7C6-49B846FB7F2B,2.3286566724927407,159.39622413455032,Loblolly Pine,https://firebasestorage.googleapis.com:443/v0/b/working-trees.appspot.com/o/trees%2F257B050F-E00C-4016-A6E7-5A031F65DAC1.png?alt=media&token=a82e4818-783d-471e-a69e-66f04a2b6db1,https://firebasestorage.googleapis.com:443/v0/b/working-trees.appspot.com/o/trees%2F3F984E32-FE6C-42B8-8A65-27A2151F14EE.png?alt=media&token=2aceabda-da1c-43be-92b2-37e759c5ec8e,BDB47999-95D1-4967-BDC4-6A4D43138D5F,C13,9.5,3.0239439187460113,18.0,43.0,,,0.40609805831761564,23.26770481005695,13.114999999999998,157.38
